ID,COGNOME,NOME_COMPLETO,RUOLO,VALORE,SQUADRA,NAZIONALITA,CAMPIONCINO
2297,Rossi F.,Francesco Rossi,P,1,Atalanta,Italia,https://content.fantacalcio.it/web/campioncini/20/card/2297.png?v=341
4,Sportiello,Marco Sportiello,P,1,Atalanta,Italia,https://content.fantacalcio.it/web/campioncini/20/card/4.png?v=341
6444,Bonfanti,Giovanni Bonfanti,D,2,Atalanta,Italia,https://content.fantacalcio.it/web/campioncini/20/card/6444.png?v=341
787,Djimsiti,Berat Djimsiti,D,8,Atalanta,Albania;Svizzera,https://content.fantacalcio.it/web/campioncini/20/card/787.png?v=341
6046,Hien,Isak Hien,D,10,Atalanta,Svezia;Burkina Faso,https://content.fantacalcio.it/web/campioncini/20/card/6046.png?v=341
5526,Scalvini,Giorgio Scalvini,D,8,Atalanta,Italia,https://content.fantacalcio.it/web/campioncini/20/card/5526.png?v=341
5578,Kossounou,Odilon Kossounou,D,9,Atalanta,Costa d''Avorio,https://content.fantacalcio.it/web/campioncini/20/card/5578.png?v=341
2640,Kolasinac,Sead Kolasinac,D,7,Atalanta,Bosnia Erzegovina;Germania,https://content.fantacalcio.it/web/campioncini/20/card/2640.png?v=341
6916,Ahanor,Honest Ahanor,D,6,Atalanta,Italia;Nigeria,https://content.fantacalcio.it/web/campioncini/20/card/6916.png?v=341
4887,Bellanova,Raoul Bellanova,D,13,Atalanta,Italia,https://content.fantacalcio.it/web/campioncini/20/card/4887.png?v=341
6832,Palestra,Marco Palestra,D,3,Cagliari,Italia,https://content.fantacalcio.it/web/campioncini/20/card/6832.png?v=341
554,Zappacosta,Davide Zappacosta,D,13,Atalanta,Italia,https://content.fantacalcio.it/web/campioncini/20/card/554.png?v=341
22,De Roon,Marten De Roon ,C,12,Atalanta,Olanda,https://content.fantacalcio.it/web/campioncini/20/card/22.png?v=341
5792,Ederson D.S.,Ederson da Silva,C,15,Atalanta,Brasile,https://content.fantacalcio.it/web/campioncini/20/card/5792.png?v=341
6024,Sulemana I.,Ibrahim Sulemana,C,4,Atalanta,Ghana,https://content.fantacalcio.it/web/campioncini/20/card/6024.png?v=341
4947,Brescianini,Marco Brescianini,C,8,Atalanta,Italia,https://content.fantacalcio.it/web/campioncini/20/card/4947.png?v=341
2077,Pasalic,Mario Pasalic,C,10,Atalanta,Croazia,https://content.fantacalcio.it/web/campioncini/20/card/2077.png?v=341
5119,Samardzic,Lazar Samardzic,C,12,Atalanta,Germania;Serbia,https://content.fantacalcio.it/web/campioncini/20/card/5119.png?v=341
4896,Maldini,Daniel Maldini,C,9,Atalanta,Italia;Venezuela,https://content.fantacalcio.it/web/campioncini/20/card/4896.png?v=341
5995,De Ketelaere,Charles De Ketelaere,A,21,Atalanta,Belgio,https://content.fantacalcio.it/web/campioncini/20/card/5995.png?v=341
5918,Sulemana K.,Kamaldeen Sulemana,A,9,Atalanta,Ghana,https://content.fantacalcio.it/web/campioncini/20/card/5918.png?v=341
4730,Lookman,Ademola Lookman,A,28,Atalanta,Inghilterra;Nigeria,https://content.fantacalcio.it/web/campioncini/20/card/4730.png?v=341
2137,Scamacca,Gianluca Scamacca,A,20,Atalanta,Italia,https://content.fantacalcio.it/web/campioncini/20/card/2137.png?v=341
6229,Tourè E.,El Bilal Tourè,A,7,Atalanta,Mali;Costa D''Avorio,https://content.fantacalcio.it/web/campioncini/20/card/6229.png?v=341
7172,Pessina Mas.,Massimo Pessina,P,1,Bologna,Bologna,https://content.fantacalcio.it/web/campioncini/20/card/7172.png?v=341
2722,Ravaglia F.,Federico Ravaglia,P,3,Bologna,Italia,https://content.fantacalcio.it/web/campioncini/20/card/2722.png?v=341
133,Skorupski,Lukasz Skorupski,P,10,Bologna,Polonia,https://content.fantacalcio.it/web/campioncini/20/card/133.png?v=341
5498,Casale,Nicolò Casale,D,4,Bologna,Italia,https://content.fantacalcio.it/web/campioncini/20/card/5498.png?v=341
4982,Erlic,Martin Erlic,D,3,Bologna,Croazia,https://content.fantacalcio.it/web/campioncini/20/card/4982.png?v=341
6551,Ilic M.,Mihajlo Ilic,D,1,Bologna,Serbia,https://content.fantacalcio.it/web/campioncini/20/card/6551.png?v=341
6042,Lucumì,Jhon Lucumì,D,8,Bologna,Colombia,https://content.fantacalcio.it/web/campioncini/20/card/6042.png?v=341
7068,Vitik,Martin Vitik,D,8,Bologna,Repubblica Ceca,https://content.fantacalcio.it/web/campioncini/20/card/7068.png?v=341
6066,Posch,Stefan Posch,D,5,Bologna,Austria,https://content.fantacalcio.it/web/campioncini/20/card/6066.png?v=341
487,De Silvestri,Lorenzo De Silvestri,D,4,Bologna,Italia,https://content.fantacalcio.it/web/campioncini/20/card/487.png?v=341
5678,Holm,Emil Holm,D,8,Bologna,Svezia,https://content.fantacalcio.it/web/campioncini/20/card/5678.png?v=341
2653,Lykogiannis,Charalampos Lykogiannis,D,5,Bologna,Grecia,https://content.fantacalcio.it/web/campioncini/20/card/2653.png?v=341
4734,Miranda J.,Juan Miranda,D,9,Bologna,Spagna,https://content.fantacalcio.it/web/campioncini/20/card/4734.png?v=341
6225,El Azzouzi,Oussama El Azzouzi,C,3,Bologna,Marocco;Olanda,https://content.fantacalcio.it/web/campioncini/20/card/6225.png?v=341
788,Freuler,Remo Freuler,C,11,Bologna,Svizzera,https://content.fantacalcio.it/web/campioncini/20/card/788.png?v=341
6054,Moro N.,Nikola Moro,C,3,Bologna,Croazia,https://content.fantacalcio.it/web/campioncini/20/card/6054.png?v=341
5298,Pobega,Tommaso Pobega,C,8,Bologna,Italia,https://content.fantacalcio.it/web/campioncini/20/card/5298.png?v=341
5784,Aebischer,Michel Aebischer,C,4,Pisa,Svizzera,https://content.fantacalcio.it/web/campioncini/20/card/5784.png?v=341
6206,Fabbian,Giovanni Fabbian,C,10,Bologna,Italia,https://content.fantacalcio.it/web/campioncini/20/card/6206.png?v=341
5858,Ferguson,Lewis Ferguson,C,11,Bologna,Scozia,https://content.fantacalcio.it/web/campioncini/20/card/5858.png?v=341
5564,Ndoye,Dan Ndoye,C,19,Bologna,Svizzera;Senegal,https://content.fantacalcio.it/web/campioncini/20/card/5564.png?v=341
184,Bernardeschi,Federico Bernardeschi,C,9,Bologna,Italia,https://content.fantacalcio.it/web/campioncini/20/card/184.png?v=341
2167,Orsolini,Riccardo Orsolini,C,30,Bologna,Italia,https://content.fantacalcio.it/web/campioncini/20/card/2167.png?v=341
2765,Odgaard,Jens Odgaard,C,15,Bologna,Danimarca,https://content.fantacalcio.it/web/campioncini/20/card/2765.png?v=341
6895,Dominguez B.,Benjamin Dominguez,A,9,Bologna,Argentina,https://content.fantacalcio.it/web/campioncini/20/card/6895.png?v=341
6459,Karlsson,Jesper Karlsson,A,3,Bologna,Svezia,https://content.fantacalcio.it/web/campioncini/20/card/6459.png?v=341
4436,Cambiaghi,Nicolò Cambiaghi,A,11,Bologna,Italia,https://content.fantacalcio.it/web/campioncini/20/card/4436.png?v=341
6572,Castro S.,Santiago Castro,A,19,Bologna,Argentina,https://content.fantacalcio.it/web/campioncini/20/card/6572.png?v=341
6643,Dallinga,Thijs Dallinga,A,10,Bologna,Olanda,https://content.fantacalcio.it/web/campioncini/20/card/6643.png?v=341
785,Immobile,Ciro Immobile,A,19,Bologna,Italia,https://content.fantacalcio.it/web/campioncini/20/card/785.png?v=341
4360,Caprile,Elia Caprile,P,7,Cagliari,Italia,https://content.fantacalcio.it/web/campioncini/20/card/4360.png?v=341
4929,Ciocci,Giuseppe Ciocci,P,1,Cagliari,Italia,https://content.fantacalcio.it/web/campioncini/20/card/4929.png?v=341
3,Radunovic,Boris Radunovic,P,1,Cagliari,Serbia,https://content.fantacalcio.it/web/campioncini/20/card/3.png?v=341
393,Luperto,Sebastiano Luperto,D,9,Cagliari,Italia,https://content.fantacalcio.it/web/campioncini/20/card/393.png?v=341
4210,Mina,Yerry Mina,D,7,Cagliari,Colombia,https://content.fantacalcio.it/web/campioncini/20/card/4210.png?v=341
6464,Wieteska,Mateusz Wieteska,D,1,Cagliari,Polonia,https://content.fantacalcio.it/web/campioncini/20/card/6464.png?v=341
5701,Obert,Adam Obert,D,4,Cagliari,Slovacchia,https://content.fantacalcio.it/web/campioncini/20/card/5701.png?v=341
6636,Veroli,Davide Veroli,D,1,Cagliari,Italia,https://content.fantacalcio.it/web/campioncini/20/card/6636.png?v=341
4461,Zappa,Gabriele Zappa,D,6,Cagliari,Italia,https://content.fantacalcio.it/web/campioncini/20/card/4461.png?v=341
5406,Di Pardo,Alessandro Di Pardo,D,2,Cagliari,Italia,https://content.fantacalcio.it/web/campioncini/20/card/5406.png?v=341
7125,Idrissi R.,Riyad Idrissi,D,4,Cagliari,Italia;Marocco,https://content.fantacalcio.it/web/campioncini/20/card/7125.png?v=341
4433,Zortea,Nadir Zortea,D,16,Bologna,Italia,https://content.fantacalcio.it/web/campioncini/20/card/4433.png?v=341
4870,Adopo,Michel Adopo,C,5,Cagliari,Francia;Costa d''Avorio,https://content.fantacalcio.it/web/campioncini/20/card/4870.png?v=341
1871,Deiola,Alessandro Deiola,C,5,Cagliari,Italia,https://content.fantacalcio.it/web/campioncini/20/card/1871.png?v=341
7165,Liteta,Joseph Liteta,C,1,Cagliari,Zambia,https://content.fantacalcio.it/web/campioncini/20/card/7165.png?v=341
6424,Prati,Matteo Prati,C,4,Cagliari,Italia,https://content.fantacalcio.it/web/campioncini/20/card/6424.png?v=341
6252,Folorunsho,Michael Folorunsho,C,9,Cagliari,Italia;Nigeria,https://content.fantacalcio.it/web/campioncini/20/card/6252.png?v=341
6640,Felici,Mattia Felici,C,6,Cagliari,Italia,https://content.fantacalcio.it/web/campioncini/20/card/6640.png?v=341
4364,Gaetano,Gianluca Gaetano,C,9,Cagliari,Italia,https://content.fantacalcio.it/web/campioncini/20/card/4364.png?v=341
5297,Luvumbo,Zito Luvumbo,A,12,Cagliari,Angola,https://content.fantacalcio.it/web/campioncini/20/card/5297.png?v=341
6243,Borrelli,Gennaro Borrelli,A,5,Cagliari,Italia,https://content.fantacalcio.it/web/campioncini/20/card/6243.png?v=341
247,Pavoletti,Leonardo Pavoletti,A,1,Cagliari,Italia,https://content.fantacalcio.it/web/campioncini/20/card/247.png?v=341
4359,Piccoli,Roberto Piccoli,A,17,Fiorentina,Italia,https://content.fantacalcio.it/web/campioncini/20/card/4359.png?v=341
6966,Butez,Jean Butez,P,11,Como,Francia,https://content.fantacalcio.it/web/campioncini/20/card/6966.png?v=341
2809,Vigorito,Mauro Vigorito,P,1,Como,Italia,https://content.fantacalcio.it/web/campioncini/20/card/2809.png?v=341
6230,Dossena,Alberto Dossena,D,4,Como,Italia,https://content.fantacalcio.it/web/campioncini/20/card/6230.png?v=341
418,Goldaniga,Edoardo Goldaniga,D,4,Como,Italia,https://content.fantacalcio.it/web/campioncini/20/card/418.png?v=341
6893,Kempf,Marc Oliver Kempf,D,5,Como,Germania,https://content.fantacalcio.it/web/campioncini/20/card/6893.png?v=341
7014,Smolcic I.,Ivan Smolcic,D,3,Como,Croazia,https://content.fantacalcio.it/web/campioncini/20/card/7014.png?v=341
6944,Jack,Fellipe Jack,D,2,Como,Brasile;Italia,https://content.fantacalcio.it/web/campioncini/20/card/6944.png?v=341
6896,Van Der Brempt,Ignace Van der Brempt,D,4,Como,Belgio,https://content.fantacalcio.it/web/campioncini/20/card/6896.png?v=341
4994,Vojvoda,Mergim Vojvoda,D,7,Como,Kosovo;Belgio,https://content.fantacalcio.it/web/campioncini/20/card/4994.png?v=341
5435,Moreno Alb.,Alberto Moreno,D,3,Como,Spagna,https://content.fantacalcio.it/web/campioncini/20/card/5435.png?v=341
6867,Valle,Alex Valle,D,7,Como,Spagna,https://content.fantacalcio.it/web/campioncini/20/card/6867.png?v=341
6656,Braunoder,Matthias Braunoder,C,1,Como,Austria,https://content.fantacalcio.it/web/campioncini/20/card/6656.png?v=341
6676,Engelhardt,Yannik Engelhardt,C,2,Como,Germania,https://content.fantacalcio.it/web/campioncini/20/card/6676.png?v=341
6151,Perrone,Maximo Perrone,C,8,Como,Argentina,https://content.fantacalcio.it/web/campioncini/20/card/6151.png?v=341
4284,Sergi Roberto,Sergi Roberto,C,4,Como,Spagna,https://content.fantacalcio.it/web/campioncini/20/card/4284.png?v=341
5036,Caqueret,Maxence Caqueret,C,12,Como,Francia,https://content.fantacalcio.it/web/campioncini/20/card/5036.png?v=341
5559,Da Cunha,Lucas Da Cunha,C,12,Como,Francia;Portogallo,https://content.fantacalcio.it/web/campioncini/20/card/5559.png?v=341
4486,Strefezza,Gabriel Strefezza,C,14,Como,Brasile;Italia,https://content.fantacalcio.it/web/campioncini/20/card/4486.png?v=341
2553,Alli,Dele Alli,C,1,Como,Inghilterra;Nigeria,https://content.fantacalcio.it/web/campioncini/20/card/2553.png?v=341
7126,Baturina,Martin Baturina,C,9,Como,Croazia,https://content.fantacalcio.it/web/campioncini/20/card/7126.png?v=341
6875,Paz N.,Nico Paz,C,21,Como,Argentina;Spagna,https://content.fantacalcio.it/web/campioncini/20/card/6875.png?v=341
7127,Addai,Jayden Addai,A,7,Como,Olanda;Ghana,https://content.fantacalcio.it/web/campioncini/20/card/7127.png?v=341
6967,Diao,Assane Diao,A,17,Como,Spagna;Senegal,https://content.fantacalcio.it/web/campioncini/20/card/6967.png?v=341
7128,Kuhn,Nicolas Kuhn,A,14,Como,Germania,https://content.fantacalcio.it/web/campioncini/20/card/7128.png?v=341
7129,Rodriguez Je.,Jesus Rodriguez,A,6,Como,Spagna,https://content.fantacalcio.it/web/campioncini/20/card/7129.png?v=341
7027,Azon,Ivan Azon,A,1,Como,Spagna,https://content.fantacalcio.it/web/campioncini/20/card/7027.png?v=341
2155,Cutrone,Patrick Cutrone,A,10,Como,Italia,https://content.fantacalcio.it/web/campioncini/20/card/2155.png?v=341
7017,Douvikas,Anastasios Douvikas,A,9,Como,Grecia,https://content.fantacalcio.it/web/campioncini/20/card/7017.png?v=341
6657,Gabrielloni,Alessandro Gabrielloni,A,1,Como,Italia,https://content.fantacalcio.it/web/campioncini/20/card/6657.png?v=341
761,Audero,Emil Audero,P,6,Cremonese,Italia;Indonesia,https://content.fantacalcio.it/web/campioncini/20/card/761.png?v=341
6505,Nava,Lapo Nava,P,1,Cremonese,Italia,https://content.fantacalcio.it/web/campioncini/20/card/6505.png?v=341
612,Bianchetti,Matteo Bianchetti,D,4,Cremonese,Italia,https://content.fantacalcio.it/web/campioncini/20/card/612.png?v=341
7130,Folino,Francesco Folino,D,4,Cremonese,Italia,https://content.fantacalcio.it/web/campioncini/20/card/7130.png?v=341
5860,Ravanelli,Luca Ravanelli,D,2,Cremonese,Italia,https://content.fantacalcio.it/web/campioncini/20/card/5860.png?v=341
1891,Ceccherini,Federico Ceccherini,D,4,Cremonese,Italia,https://content.fantacalcio.it/web/campioncini/20/card/1891.png?v=341
7131,Floriani Mussolini,Romano Floriani Mussolini,D,5,Cremonese,Italia,https://content.fantacalcio.it/web/campioncini/20/card/7131.png?v=341
6231,Azzi,Paulo Azzi,D,3,Cremonese,Brasile;Italia,https://content.fantacalcio.it/web/campioncini/20/card/6231.png?v=341
770,Pezzella Giu.,Giuseppe Pezzella,D,6,Cremonese,Italia,https://content.fantacalcio.it/web/campioncini/20/card/770.png?v=341
5891,Quagliata,Giacomo Quagliata,D,1,Cremonese,Italia,https://content.fantacalcio.it/web/campioncini/20/card/5891.png?v=341
6013,Barbieri,Tommaso Barbieri,D,3,Cremonese,Italia,https://content.fantacalcio.it/web/campioncini/20/card/6013.png?v=341
2847,Sernicola,Leonardo Sernicola,D,1,Cremonese,Italia,https://content.fantacalcio.it/web/campioncini/20/card/2847.png?v=341
5863,Castagnetti,Michele Castagnetti,C,3,Cremonese,Italia,https://content.fantacalcio.it/web/campioncini/20/card/5863.png?v=341
7132,Collocolo,Michele Collocolo,C,8,Cremonese,Italia,https://content.fantacalcio.it/web/campioncini/20/card/7132.png?v=341
27,Grassi,Alberto Grassi,C,4,Cremonese,Italia,https://content.fantacalcio.it/web/campioncini/20/card/27.png?v=341
5857,Pickel,Charles Pickel,C,2,Cremonese,Svizzera;Repubblica Democratica del Congo,https://content.fantacalcio.it/web/campioncini/20/card/5857.png?v=341
2274,Valoti,Mattia Valoti,C,7,Cremonese,Italia,https://content.fantacalcio.it/web/campioncini/20/card/2274.png?v=341
2842,Zanimacchia,Luca Zanimacchia,C,5,Cremonese,Italia,https://content.fantacalcio.it/web/campioncini/20/card/2842.png?v=341
7133,Vandeputte,Jari Vandeputte,C,12,Cremonese,Belgio,https://content.fantacalcio.it/web/campioncini/20/card/7133.png?v=341
449,Vazquez,Franco Vazquez,C,10,Cremonese,Italia;Spagna,https://content.fantacalcio.it/web/campioncini/20/card/449.png?v=341
5496,Johnsen,Dennis Johnsen,A,7,Cremonese,Norvegia,https://content.fantacalcio.it/web/campioncini/20/card/5496.png?v=341
505,Bonazzoli,Federico Bonazzoli,A,4,Cremonese,Italia,https://content.fantacalcio.it/web/campioncini/20/card/505.png?v=341
5515,Okereke,David Okereke,A,5,Cremonese,Nigeria,https://content.fantacalcio.it/web/campioncini/20/card/5515.png?v=341
5512,De Luca,Manuel De Luca,A,8,Cremonese,Italia,https://content.fantacalcio.it/web/campioncini/20/card/5512.png?v=341
7134,Nasti,Marco Nasti,A,1,Cremonese,Italia,https://content.fantacalcio.it/web/campioncini/20/card/7134.png?v=341
6403,Christensen O.,Oliver Christensen,P,1,Fiorentina,Danimarca,https://content.fantacalcio.it/web/campioncini/20/card/6403.png?v=341
2521,De Gea,David De Gea,P,14,Fiorentina,Spagna,https://content.fantacalcio.it/web/campioncini/20/card/2521.png?v=341
6184,Martinelli T.,Tommaso Martinelli,P,1,Fiorentina,Italia,https://content.fantacalcio.it/web/campioncini/20/card/6184.png?v=341
6495,Comuzzo,Pietro Comuzzo,D,7,Fiorentina,Italia,https://content.fantacalcio.it/web/campioncini/20/card/6495.png?v=341
4904,Marì,Pablo Marì,D,7,Fiorentina,Spagna,https://content.fantacalcio.it/web/campioncini/20/card/4904.png?v=341
5603,Pongracic,Marin Pongracic,D,5,Fiorentina,Croazia;Germania,https://content.fantacalcio.it/web/campioncini/20/card/5603.png?v=341
5718,Viti,Mattia Viti,D,4,Fiorentina,Italia,https://content.fantacalcio.it/web/campioncini/20/card/5718.png?v=341
4378,Ranieri L.,Luca Ranieri,D,7,Fiorentina,Italia,https://content.fantacalcio.it/web/campioncini/20/card/4378.png?v=341
5885,Dodò,Dodò,D,11,Fiorentina,Brasile,https://content.fantacalcio.it/web/campioncini/20/card/5885.png?v=341
7069,Fortini,Niccolò Fortini,D,3,Fiorentina,Italia,https://content.fantacalcio.it/web/campioncini/20/card/7069.png?v=341
2160,Gosens,Robin Gosens,D,18,Fiorentina,Germania;Olanda,https://content.fantacalcio.it/web/campioncini/20/card/2160.png?v=341
5449,Parisi,Fabiano Parisi,D,5,Fiorentina,Italia,https://content.fantacalcio.it/web/campioncini/20/card/5449.png?v=341
5516,Bianco,Alessandro Bianco,C,1,Fiorentina,Italia,https://content.fantacalcio.it/web/campioncini/20/card/5516.png?v=341
1933,Mandragora,Rolando Mandragora,C,15,Fiorentina,Italia,https://content.fantacalcio.it/web/campioncini/20/card/1933.png?v=341
6294,Ndour,Cher Ndour,C,2,Fiorentina,Italia;Senegal,https://content.fantacalcio.it/web/campioncini/20/card/6294.png?v=341
6804,Richardson,Amir Richardson,C,4,Fiorentina,Marocco;Francia,https://content.fantacalcio.it/web/campioncini/20/card/6804.png?v=341
4465,Fagioli,Nicolò Fagioli,C,8,Fiorentina,Italia,https://content.fantacalcio.it/web/campioncini/20/card/4465.png?v=341
6010,Fazzini,Jacopo Fazzini,C,11,Fiorentina,Italia,https://content.fantacalcio.it/web/campioncini/20/card/6010.png?v=341
5788,Sabiri,Abdelhamid Sabiri,C,2,Fiorentina,Germania;Maroccco,https://content.fantacalcio.it/web/campioncini/20/card/5788.png?v=341
5800,Gudmundsson A.,Albert Gudmundsson,C,24,Fiorentina,Islanda,https://content.fantacalcio.it/web/campioncini/20/card/5800.png?v=341
6409,Beltran L.,Lucas Beltran,A,7,Fiorentina,Argentina;Italia,https://content.fantacalcio.it/web/campioncini/20/card/6409.png?v=341
647,Dzeko,Edin Dzeko,A,15,Fiorentina,Bosnia Erzegovina,https://content.fantacalcio.it/web/campioncini/20/card/647.png?v=341
2097,Kean,Moise Kean,A,32,Fiorentina,Italia;Costa d''Avorio,https://content.fantacalcio.it/web/campioncini/20/card/2097.png?v=341
188,Leali,Nicola Leali,P,9,Genoa,Italia,https://content.fantacalcio.it/web/campioncini/20/card/188.png?v=341
6991,Siegrist,Benjamin Siegrist,P,1,Genoa,Svizzera,https://content.fantacalcio.it/web/campioncini/20/card/6991.png?v=341
219,Sommariva,Daniele Sommariva,P,1,Genoa,Italia,https://content.fantacalcio.it/web/campioncini/20/card/219.png?v=341
6660,Marcandalli,Alessandro Marcandalli,D,4,Genoa,Italia;Nigeria,https://content.fantacalcio.it/web/campioncini/20/card/6660.png?v=341
6977,Otoa,Sebastian Otoa,D,2,Genoa,Danimarca,https://content.fantacalcio.it/web/campioncini/20/card/6977.png?v=341
5739,De Winter,Koni De Winter,D,8,Milan,Belgio,https://content.fantacalcio.it/web/campioncini/20/card/5739.png?v=341
6245,Vogliacco,Alessandro Vogliacco,D,3,Genoa,Italia,https://content.fantacalcio.it/web/campioncini/20/card/6245.png?v=341
5514,Vasquez,Johan Vasquez,D,9,Genoa,Messico,https://content.fantacalcio.it/web/campioncini/20/card/5514.png?v=341
6814,Norton-Cuffy,Brooke Norton-Cuffy,D,3,Genoa,Inghilterra;Dominica,https://content.fantacalcio.it/web/campioncini/20/card/6814.png?v=341
2593,Martin,Aaron Martin,D,10,Genoa,Spagna,https://content.fantacalcio.it/web/campioncini/20/card/2593.png?v=341
791,Sabelli,Stefano Sabelli,D,5,Genoa,Italia,https://content.fantacalcio.it/web/campioncini/20/card/791.png?v=341
5791,Frendrup,Morten Frendrup,C,9,Genoa,Danimarca,https://content.fantacalcio.it/web/campioncini/20/card/5791.png?v=341
6917,Masini,Patrizio Masini,C,5,Genoa,Italia,https://content.fantacalcio.it/web/campioncini/20/card/6917.png?v=341
6020,Ellertsson,Mikael Egill Ellertsson,C,5,Genoa,Islanda,https://content.fantacalcio.it/web/campioncini/20/card/6020.png?v=341
4970,Messias,Junior Messias,C,8,Genoa,Brasile,https://content.fantacalcio.it/web/campioncini/20/card/4970.png?v=341
4427,Malinovskyi,Ruslan Malinovskyi,C,8,Genoa,Ucraina,https://content.fantacalcio.it/web/campioncini/20/card/4427.png?v=341
7135,Stanciu,Nicolae Stanciu,C,8,Genoa,Romania,https://content.fantacalcio.it/web/campioncini/20/card/7135.png?v=341
4404,Thorsby,Morten Thorsby,C,5,Genoa,Norvegia,https://content.fantacalcio.it/web/campioncini/20/card/4404.png?v=341
6980,Venturino,Lorenzo Venturino,C,3,Genoa,Italia,https://content.fantacalcio.it/web/campioncini/20/card/6980.png?v=341
6722,Gronbaek,Albert Gronbaek,C,12,Genoa,Danimarca,https://content.fantacalcio.it/web/campioncini/20/card/6722.png?v=341
6106,Carboni V.,Valentin Carboni,C,11,Genoa,Argentina;Italia,https://content.fantacalcio.it/web/campioncini/20/card/6106.png?v=341
6822,Ekhator,Jeff Ekhator,A,1,Genoa,Italia;Nigeria,https://content.fantacalcio.it/web/campioncini/20/card/6822.png?v=341
5506,Ekuban,Caleb Ekuban,A,2,Genoa,Ghana;Italia,https://content.fantacalcio.it/web/campioncini/20/card/5506.png?v=341
4923,Colombo,Lorenzo Colombo,A,11,Genoa,Italia,https://content.fantacalcio.it/web/campioncini/20/card/4923.png?v=341
6164,Vitinha O.,Vitinha Carvalho Olivera,A,12,Genoa,Portogallo,https://content.fantacalcio.it/web/campioncini/20/card/6164.png?v=341
1926,Di Gennaro,Raffaele Di Gennaro,P,1,Inter,Italia,https://content.fantacalcio.it/web/campioncini/20/card/1926.png?v=341
5116,Martinez Jo.,Josep Martinez,P,2,Inter,Spagna,https://content.fantacalcio.it/web/campioncini/20/card/5116.png?v=341
2428,Sommer,Yann Sommer,P,16,Inter,Svizzera,https://content.fantacalcio.it/web/campioncini/20/card/2428.png?v=341
513,Acerbi,Francesco Acerbi,D,9,Inter,Italia,https://content.fantacalcio.it/web/campioncini/20/card/513.png?v=341
2120,Bastoni,Alessandro Bastoni,D,17,Inter,Italia,https://content.fantacalcio.it/web/campioncini/20/card/2120.png?v=341
6217,Bisseck,Yann Bisseck,D,9,Inter,Germania;Camerun,https://content.fantacalcio.it/web/campioncini/20/card/6217.png?v=341
322,De Vrij,Stefan De Vrij,D,9,Inter,Olanda,https://content.fantacalcio.it/web/campioncini/20/card/322.png?v=341
4177,Pavard,Benjamin Pavard,D,8,Inter,Francia,https://content.fantacalcio.it/web/campioncini/20/card/4177.png?v=341
2525,Darmian,Matteo Darmian,D,4,Inter,Italia,https://content.fantacalcio.it/web/campioncini/20/card/2525.png?v=341
5877,Carlos Augusto,Carlos Augusto,D,10,Inter,Brasile,https://content.fantacalcio.it/web/campioncini/20/card/5877.png?v=341
254,Dimarco,Federico Dimarco,D,19,Inter,Italia,https://content.fantacalcio.it/web/campioncini/20/card/254.png?v=341
5513,Dumfries,Denzel Dumfries,D,20,Inter,Olanda;Aruba,https://content.fantacalcio.it/web/campioncini/20/card/5513.png?v=341
5301,Luis Henrique,Luis Henrique,C,7,Inter,Brasile,https://content.fantacalcio.it/web/campioncini/20/card/5301.png?v=341
5422,Zalewski,Nicola Zalewski,C,7,Atalanta,Polonia,https://content.fantacalcio.it/web/campioncini/20/card/5422.png?v=341
5719,Asllani,Kristjan Asllani,C,4,Torino,Albania,https://content.fantacalcio.it/web/campioncini/20/card/5719.png?v=341
2194,Calhanoglu,Hakan Calhanoglu,C,22,Inter,Turchia;Germania,https://content.fantacalcio.it/web/campioncini/20/card/2194.png?v=341
1870,Barella,Nicolò Barella,C,14,Inter,Italia,https://content.fantacalcio.it/web/campioncini/20/card/1870.png?v=341
7070,Sucic P.,Petar Sucic,C,10,Inter,Croazia;Bosnia Erzegovina,https://content.fantacalcio.it/web/campioncini/20/card/7070.png?v=341
2529,Mkhitaryan,Henrikh Mkhitaryan,C,9,Inter,Armenia,https://content.fantacalcio.it/web/campioncini/20/card/2529.png?v=341
2848,Frattesi,Davide Frattesi,C,14,Inter,Italia,https://content.fantacalcio.it/web/campioncini/20/card/2848.png?v=341
152,Zielinski,Piotr Zielinski,C,4,Inter,Polonia,https://content.fantacalcio.it/web/campioncini/20/card/152.png?v=341
4463,Esposito Se.,Sebastiano Esposito,A,7,Cagliari,Italia,https://content.fantacalcio.it/web/campioncini/20/card/4463.png?v=341
6669,Bonny,Ange-Yoan Bonny,A,7,Inter,Francia;Costa d''Avorio,https://content.fantacalcio.it/web/campioncini/20/card/6669.png?v=341
7071,Esposito F.P.,Francesco Pio Esposito,A,7,Inter,Italia,https://content.fantacalcio.it/web/campioncini/20/card/7071.png?v=341
2764,Martinez L.,Lautaro Martinez,A,35,Inter,Argentina,https://content.fantacalcio.it/web/campioncini/20/card/2764.png?v=341
6628,Taremi,Mehdi Taremi,A,4,Inter,Iran,https://content.fantacalcio.it/web/campioncini/20/card/6628.png?v=341
4871,Thuram,Marcus Thuram,A,31,Inter,Francia;Guadalupe,https://content.fantacalcio.it/web/campioncini/20/card/4871.png?v=341
5876,Di Gregorio,Michele Di Gregorio,P,16,Juventus,Italia,https://content.fantacalcio.it/web/campioncini/20/card/5876.png?v=341
218,Perin,Mattia Perin,P,1,Juventus,Italia,https://content.fantacalcio.it/web/campioncini/20/card/218.png?v=341
1930,Pinsoglio,Carlo Pinsoglio,P,1,Juventus,Italia,https://content.fantacalcio.it/web/campioncini/20/card/1930.png?v=341
2788,Bremer,Gleison Bremer,D,13,Juventus,Brasile,https://content.fantacalcio.it/web/campioncini/20/card/2788.png?v=341
5831,Gatti,Federico Gatti,D,8,Juventus,Italia,https://content.fantacalcio.it/web/campioncini/20/card/5831.png?v=341
294,Rugani,Daniele Rugani,D,3,Juventus,Italia,https://content.fantacalcio.it/web/campioncini/20/card/294.png?v=341
4976,Kalulu,Pierre Kalulu,D,9,Juventus,Francia;Repubblica Democratica del Congo,https://content.fantacalcio.it/web/campioncini/20/card/4976.png?v=341
6766,Kelly L.,Lloyd Kelly,D,7,Juventus,Inghilterra,https://content.fantacalcio.it/web/campioncini/20/card/6766.png?v=341
6802,Savona,Nicolò Savona,D,3,Juventus,Italia,https://content.fantacalcio.it/web/campioncini/20/card/6802.png?v=341
6039,Cabal,Juan Cabal,D,5,Juventus,Colombia,https://content.fantacalcio.it/web/campioncini/20/card/6039.png?v=341
6803,Rouhi,Jonas Rouhi,D,1,Juventus,Svezia;Marocco,https://content.fantacalcio.it/web/campioncini/20/card/6803.png?v=341
5520,Cambiaso,Andrea Cambiaso,D,14,Juventus,Italia,https://content.fantacalcio.it/web/campioncini/20/card/5520.png?v=341
7175,Joao Mario,Joao Mario Neto Lopes,D,8,Juventus,Portogallo,https://content.fantacalcio.it/web/campioncini/20/card/7175.png?v=341
4711,Kostic,Filip Kostic,C,4,Juventus,Serbia,https://content.fantacalcio.it/web/campioncini/20/card/4711.png?v=341
4662,Weah,Timothy Weah,C,7,Juventus,Stati Uniti;Francia,https://content.fantacalcio.it/web/campioncini/20/card/4662.png?v=341
827,Locatelli,Manuel Locatelli,C,12,Juventus,Italia,https://content.fantacalcio.it/web/campioncini/20/card/827.png?v=341
4973,McKennie,Weston McKennie,C,10,Juventus,Stati Uniti,https://content.fantacalcio.it/web/campioncini/20/card/4973.png?v=341
5562,Thuram K.,Khephren Thuram,C,16,Juventus,Francia;Guadalupa,https://content.fantacalcio.it/web/campioncini/20/card/5562.png?v=341
4911,Douglas Luiz,Douglas Luiz,C,3,Juventus,Brasile,https://content.fantacalcio.it/web/campioncini/20/card/4911.png?v=341
5813,Miretti,Fabio Miretti,C,5,Juventus,Italia,https://content.fantacalcio.it/web/campioncini/20/card/5813.png?v=341
5685,Koopmeiners,Teun Koopmeiners,C,14,Juventus,Olanda,https://content.fantacalcio.it/web/campioncini/20/card/5685.png?v=341
6884,Conceicao,Francisco Conceicao,C,18,Juventus,Portogallo,https://content.fantacalcio.it/web/campioncini/20/card/6884.png?v=341
4179,Gonzalez N.,Nicolas Ivan Gonzalez,A,12,Juventus,Argentina,https://content.fantacalcio.it/web/campioncini/20/card/4179.png?v=341
6434,Yildiz,Kenan Yildiz,A,25,Juventus,Turchia;Germania,https://content.fantacalcio.it/web/campioncini/20/card/6434.png?v=341
5544,David,Jonathan David,A,28,Juventus,Canada;Stati Uniti,https://content.fantacalcio.it/web/campioncini/20/card/5544.png?v=341
2012,Milik,Arkadiusz Milik,A,1,Juventus,Polonia,https://content.fantacalcio.it/web/campioncini/20/card/2012.png?v=341
2841,Vlahovic,Dusan Vlahovic,A,25,Juventus,Serbia,https://content.fantacalcio.it/web/campioncini/20/card/2841.png?v=341
6417,Furlanetto,Alessio Furlanetto,P,1,Lazio,Italia,https://content.fantacalcio.it/web/campioncini/20/card/6417.png?v=341
6482,Mandas,Christos Mandas,P,3,Lazio,Grecia,https://content.fantacalcio.it/web/campioncini/20/card/6482.png?v=341
2814,Provedel,Ivan Provedel,P,12,Lazio,Italia,https://content.fantacalcio.it/web/campioncini/20/card/2814.png?v=341
5899,Gigot,Samuel Gigot,D,4,Lazio,Francia,https://content.fantacalcio.it/web/campioncini/20/card/5899.png?v=341
5833,Gila,Mario Gila,D,9,Lazio,Spagna,https://content.fantacalcio.it/web/campioncini/20/card/5833.png?v=341
460,Romagnoli,Alessio Romagnoli,D,8,Lazio,Italia,https://content.fantacalcio.it/web/campioncini/20/card/460.png?v=341
7012,Provstgaard,Oliver Provstgaard,D,3,Lazio,Danimarca,https://content.fantacalcio.it/web/campioncini/20/card/7012.png?v=341
327,Patric,Patric Gabarron,D,4,Lazio,Spagna,https://content.fantacalcio.it/web/campioncini/20/card/327.png?v=341
2263,Lazzari,Manuel Lazzari,D,4,Lazio,Italia,https://content.fantacalcio.it/web/campioncini/20/card/2263.png?v=341
2728,Pellegrini Lu.,Luca Pellegrini,D,3,Lazio,Italia,https://content.fantacalcio.it/web/campioncini/20/card/2728.png?v=341
5620,Tavares N.,Nuno Tavares,D,11,Lazio,Portogallo;Capo Verde,https://content.fantacalcio.it/web/campioncini/20/card/5620.png?v=341
140,Hysaj,Elseid Hysaj,D,3,Lazio,Albania,https://content.fantacalcio.it/web/campioncini/20/card/140.png?v=341
2188,Marusic,Adam Marusic,D,8,Lazio,Montenegro;Serbia,https://content.fantacalcio.it/web/campioncini/20/card/2188.png?v=341
6191,Belahyane,Reda Belahyane,C,4,Lazio,Francia;Marocco,https://content.fantacalcio.it/web/campioncini/20/card/6191.png?v=341
333,Cataldi,Danilo Cataldi,C,5,Lazio,Italia,https://content.fantacalcio.it/web/campioncini/20/card/333.png?v=341
4459,Rovella,Nicolò Rovella,C,8,Lazio,Italia,https://content.fantacalcio.it/web/campioncini/20/card/4459.png?v=341
181,Vecino,Matias Vecino,C,6,Lazio,Uruguay;Italia,https://content.fantacalcio.it/web/campioncini/20/card/181.png?v=341
5674,Basic,Toma Basic,C,1,Lazio,Croazia,https://content.fantacalcio.it/web/campioncini/20/card/5674.png?v=341
4186,Guendouzi,Matteo Guendouzi,C,11,Lazio,Francia;Marocco,https://content.fantacalcio.it/web/campioncini/20/card/4186.png?v=341
6629,Dele-Bashiru,Fisayo Dele-Bashiru,C,11,Lazio,Nigeria;Inghilterra,https://content.fantacalcio.it/web/campioncini/20/card/6629.png?v=341
6398,Isaksen,Gustav Isaksen,C,14,Lazio,Danimarca,https://content.fantacalcio.it/web/campioncini/20/card/6398.png?v=341
632,Zaccagni,Mattia Zaccagni,C,25,Lazio,Italia,https://content.fantacalcio.it/web/campioncini/20/card/632.png?v=341
5500,Cancellieri,Matteo Cancellieri,A,3,Lazio,Italia,https://content.fantacalcio.it/web/campioncini/20/card/5500.png?v=341
6556,Noslin,Tijjani Noslin,A,7,Lazio,Olanda,https://content.fantacalcio.it/web/campioncini/20/card/6556.png?v=341
2489,Pedro,Pedro,A,13,Lazio,Spagna,https://content.fantacalcio.it/web/campioncini/20/card/2489.png?v=341
6226,Castellanos,Taty Castellanos,A,20,Lazio,Argentina,https://content.fantacalcio.it/web/campioncini/20/card/6226.png?v=341
5672,Dia,Boulaye Dia,A,20,Lazio,Senegal;Francia,https://content.fantacalcio.it/web/campioncini/20/card/5672.png?v=341
2134,Falcone,Wladimiro Falcone,P,7,Lecce,Italia,https://content.fantacalcio.it/web/campioncini/20/card/2134.png?v=341
2401,Fruchtl,Christian Fruchtl,P,1,Lecce,Germania,https://content.fantacalcio.it/web/campioncini/20/card/2401.png?v=341
6523,Samooja,Jasper Samooja,P,1,Lecce,Finlandia,https://content.fantacalcio.it/web/campioncini/20/card/6523.png?v=341
5835,Baschirotto,Federico  Baschirotto,D,10,Cremonese,Italia,https://content.fantacalcio.it/web/campioncini/20/card/5835.png?v=341
6632,Gaspar K.,Kialonda Gaspar,D,8,Lecce,Angola,https://content.fantacalcio.it/web/campioncini/20/card/6632.png?v=341
6883,Jean,Gaby Jean,D,3,Lecce,Francia,https://content.fantacalcio.it/web/campioncini/20/card/6883.png?v=341
6989,Tiago Gabriel,Tiago Gabriel,D,2,Lecce,Portogallo,https://content.fantacalcio.it/web/campioncini/20/card/6989.png?v=341
7164,Perez M.,Matias Perez,D,1,Lecce,Cile,https://content.fantacalcio.it/web/campioncini/20/card/7164.png?v=341
7136,Kouassi,Christ-Owen Kouassi,D,4,Lecce,Francia;Costa d''Avorio,https://content.fantacalcio.it/web/campioncini/20/card/7136.png?v=341
6990,Veiga D.,Danilo Veiga,D,2,Lecce,Portogallo;Brasile,https://content.fantacalcio.it/web/campioncini/20/card/6990.png?v=341
4502,Gallo,Antonino Gallo,D,6,Lecce,Italia,https://content.fantacalcio.it/web/campioncini/20/card/4502.png?v=341
7182,Ndaba,Corrie Ndaba,D,1,Lecce,Irlanda;Ghana,https://content.fantacalcio.it/web/campioncini/20/card/7182.png?v=341
5504,Coulibaly L.,Lassana Coulibaly,C,8,Lecce,Mali,https://content.fantacalcio.it/web/campioncini/20/card/5504.png?v=341
6410,Kaba,Mohamed Kaba,C,2,Lecce,Francia;Guinea,https://content.fantacalcio.it/web/campioncini/20/card/6410.png?v=341
5457,Maleh,Youssef Maleh,C,6,Lecce,Italia;Marocco,https://content.fantacalcio.it/web/campioncini/20/card/5457.png?v=341
6633,Pierret,Balthazar Pierret,C,6,Lecce,Francia,https://content.fantacalcio.it/web/campioncini/20/card/6633.png?v=341
6394,Ramadani,Ylber Ramadani,C,6,Lecce,Albania;Kosovo,https://content.fantacalcio.it/web/campioncini/20/card/6394.png?v=341
6015,Berisha M.,Medon Berisha,C,3,Lecce,Svizzera;Kosovo,https://content.fantacalcio.it/web/campioncini/20/card/6015.png?v=341
5872,Helgason,Thorir Johann Helgason,C,8,Lecce,Islanda,https://content.fantacalcio.it/web/campioncini/20/card/5872.png?v=341
6222,Rafia,Hamza Rafia,C,3,Lecce,Tunisia;Francia,https://content.fantacalcio.it/web/campioncini/20/card/6222.png?v=341
6634,Tete Morente,Tete Morente,C,9,Lecce,Spagna,https://content.fantacalcio.it/web/campioncini/20/card/6634.png?v=341
6645,Marchwinski,Filip Marchwinski,C,1,Lecce,Polonia,https://content.fantacalcio.it/web/campioncini/20/card/6645.png?v=341
6549,Pierotti,Santiago Pierotti,C,10,Lecce,Argentina;Italia,https://content.fantacalcio.it/web/campioncini/20/card/6549.png?v=341
6001,Banda,Lameck Banda,A,5,Lecce,Zambia,https://content.fantacalcio.it/web/campioncini/20/card/6001.png?v=341
7001,N'Dri,Konan N'Dri,A,5,Lecce,Costa D''Avorio,https://content.fantacalcio.it/web/campioncini/20/card/7001.png?v=341
6519,Camarda,Francesco Camarda,A,11,Lecce,Italia,https://content.fantacalcio.it/web/campioncini/20/card/6519.png?v=341
6435,Krstovic,Nikola Krstovic,A,20,Atalanta,Serbia;Montenegro,https://content.fantacalcio.it/web/campioncini/20/card/6435.png?v=341
4312,Maignan,Mike Maignan,P,15,Milan,Francia;Guyana Francese,https://content.fantacalcio.it/web/campioncini/20/card/4312.png?v=341
2815,Terracciano,Pietro Terracciano,P,1,Milan,Italia,https://content.fantacalcio.it/web/campioncini/20/card/2815.png?v=341
6813,Torriani,Lorenzo Torriani,P,1,Milan,Italia,https://content.fantacalcio.it/web/campioncini/20/card/6813.png?v=341
4401,Gabbia,Matteo Gabbia,D,6,Milan,Italia,https://content.fantacalcio.it/web/campioncini/20/card/4401.png?v=341
5022,Pavlovic,Strahinja Pavlovic,D,8,Milan,Serbia,https://content.fantacalcio.it/web/campioncini/20/card/5022.png?v=341
6055,Thiaw,Malick Thiaw,D,4,Milan,Germania;Finlandia,https://content.fantacalcio.it/web/campioncini/20/card/6055.png?v=341
4751,Tomori,Fikayo Tomori,D,8,Milan,Inghilterra;Canada,https://content.fantacalcio.it/web/campioncini/20/card/4751.png?v=341
6496,Bartesaghi,Davide Bartesaghi,D,3,Milan,Italia,https://content.fantacalcio.it/web/campioncini/20/card/6496.png?v=341
5273,Estupinan,Pervis Estupinan,D,12,Milan,Ecuador;Spagna,https://content.fantacalcio.it/web/campioncini/20/card/5273.png?v=341
6531,Jimenez A.,Alex Jimenez,D,5,Milan,Spagna,https://content.fantacalcio.it/web/campioncini/20/card/6531.png?v=341
5812,Terracciano F.,Filippo Terracciano,D,3,Cremonese,Italia,https://content.fantacalcio.it/web/campioncini/20/card/5812.png?v=341
4892,Saelemaekers,Alexis Saelemaekers,C,12,Milan,Belgio,https://content.fantacalcio.it/web/campioncini/20/card/4892.png?v=341
5992,Bondo,Warren Bondo,C,3,Cremonese,Francia;Repubblica Democratica del Congo,https://content.fantacalcio.it/web/campioncini/20/card/5992.png?v=341
4686,Fofana Y.,Youssouf Fofana,C,11,Milan,Francia;Mali,https://content.fantacalcio.it/web/campioncini/20/card/4686.png?v=341
5453,Ricci S.,Samuele Ricci,C,10,Milan,Italia,https://content.fantacalcio.it/web/campioncini/20/card/5453.png?v=341
2606,Modric,Luka Modric,C,12,Milan,Croazia,https://content.fantacalcio.it/web/campioncini/20/card/2606.png?v=341
5295,Musah,Junus Musah,C,6,Milan,Inghilterra;Ghana,https://content.fantacalcio.it/web/campioncini/20/card/5295.png?v=341
4199,Loftus-Cheek,Ruben Loftus-Cheek,C,8,Milan,Inghilterra;Giamaica,https://content.fantacalcio.it/web/campioncini/20/card/4199.png?v=341
4856,Chukwueze,Samuel Chukwueze,C,4,Milan,Nigeria,https://content.fantacalcio.it/web/campioncini/20/card/4856.png?v=341
6678,Liberali,Mattia Liberali,C,1,Milan,Italia,https://content.fantacalcio.it/web/campioncini/20/card/6678.png?v=341
2423,Pulisic,Christian Pulisic,C,28,Milan,Stati Uniti;Croazia,https://content.fantacalcio.it/web/campioncini/20/card/2423.png?v=341
4510,Leao,Rafael Leao,A,23,Milan,Portogallo;Angola,https://content.fantacalcio.it/web/campioncini/20/card/4510.png?v=341
6227,Okafor,Noah Okafor,A,4,Milan,Svizzera;Nigeria,https://content.fantacalcio.it/web/campioncini/20/card/6227.png?v=341
7008,Gimenez,Santiago Gimenez,A,24,Milan,Messico;Italia,https://content.fantacalcio.it/web/campioncini/20/card/7008.png?v=341
2845,Contini,Nikita Contini,P,1,Napoli,Italia;Ucraina,https://content.fantacalcio.it/web/campioncini/20/card/2845.png?v=341
572,Meret,Alex Meret,P,16,Napoli,Italia,https://content.fantacalcio.it/web/campioncini/20/card/572.png?v=341
2170,Milinkovic-Savic V.,Vanja Milinkovic-Savic,P,4,Napoli,Serbia;Spagna,https://content.fantacalcio.it/web/campioncini/20/card/2170.png?v=341
6202,Beukema,Sam Beukema,D,10,Napoli,Olanda,https://content.fantacalcio.it/web/campioncini/20/card/6202.png?v=341
2724,Buongiorno,Alessandro Buongiorno,D,13,Napoli,Italia,https://content.fantacalcio.it/web/campioncini/20/card/2724.png?v=341
6809,Marianucci,Luca Marianucci,D,3,Napoli,Italia,https://content.fantacalcio.it/web/campioncini/20/card/6809.png?v=341
4409,Rrahmani,Amir Rrahmani,D,11,Napoli,Kosovo;Albania,https://content.fantacalcio.it/web/campioncini/20/card/4409.png?v=341
256,Juan Jesus,Juan Jesus,D,4,Napoli,Brasile;Italia,https://content.fantacalcio.it/web/campioncini/20/card/256.png?v=341
2816,Di Lorenzo,Giovanni Di Lorenzo,D,14,Napoli,Italia,https://content.fantacalcio.it/web/campioncini/20/card/2816.png?v=341
5527,Zanoli,Alessandro Zanoli,D,3,Napoli,Italia,https://content.fantacalcio.it/web/campioncini/20/card/5527.png?v=341
5840,Olivera,Mathias Olivera,D,10,Napoli,Uruguay;Spagna,https://content.fantacalcio.it/web/campioncini/20/card/5840.png?v=341
1852,Spinazzola,Leonardo Spinazzola,D,7,Napoli,Italia,https://content.fantacalcio.it/web/campioncini/20/card/1852.png?v=341
5481,Mazzocchi,Pasquale Mazzocchi,D,3,Napoli,Italia,https://content.fantacalcio.it/web/campioncini/20/card/5481.png?v=341
5998,Zerbin,Alessio Zerbin,C,4,Cremonese,Italia,https://content.fantacalcio.it/web/campioncini/20/card/5998.png?v=341
5131,Gilmour,Billy Gilmour,C,7,Napoli,Scozia,https://content.fantacalcio.it/web/campioncini/20/card/5131.png?v=341
4287,Lobotka,Stanislav Lobotka,C,9,Napoli,Slovacchia,https://content.fantacalcio.it/web/campioncini/20/card/4287.png?v=341
4220,Zambo Anguissa,Andrè Zambo Anguissa,C,15,Napoli,Camerun,https://content.fantacalcio.it/web/campioncini/20/card/4220.png?v=341
4777,McTominay,Scott McTominay,C,27,Napoli,Scozia;Inghilterra,https://content.fantacalcio.it/web/campioncini/20/card/4777.png?v=341
536,Politano,Matteo Politano,C,16,Napoli,Italia,https://content.fantacalcio.it/web/campioncini/20/card/536.png?v=341
2517,De Bruyne,Kevin De Bruyne,C,24,Napoli,Belgio,https://content.fantacalcio.it/web/campioncini/20/card/2517.png?v=341
6831,Neres,David Neres,C,13,Napoli,Brasile,https://content.fantacalcio.it/web/campioncini/20/card/6831.png?v=341
7120,Lang,Noa Lang,A,19,Napoli,Olanda;Suriname,https://content.fantacalcio.it/web/campioncini/20/card/7120.png?v=341
4371,Raspadori,Giacomo Raspadori,A,13,Napoli,Italia,https://content.fantacalcio.it/web/campioncini/20/card/4371.png?v=341
6215,Lucca,Lorenzo Lucca,A,14,Napoli,Italia,https://content.fantacalcio.it/web/campioncini/20/card/6215.png?v=341
2531,Lukaku,Romelu Lukaku,A,30,Napoli,Belgio;Repubblica Democratica del Congo,https://content.fantacalcio.it/web/campioncini/20/card/2531.png?v=341
2061,Simeone,Giovanni Simeone,A,8,Torino,Argentina;Spagna,https://content.fantacalcio.it/web/campioncini/20/card/2061.png?v=341
6662,Corvi,Edoardo Corvi,P,1,Parma,Italia,https://content.fantacalcio.it/web/campioncini/20/card/6662.png?v=341
5338,Rinaldi,Filippo Rinaldi,P,1,Parma,Italia,https://content.fantacalcio.it/web/campioncini/20/card/5338.png?v=341
6641,Suzuki,Zion Suzuki,P,7,Parma,Giappone,https://content.fantacalcio.it/web/campioncini/20/card/6641.png?v=341
5353,Balogh,Botond Balogh,D,3,Parma,Ungheria,https://content.fantacalcio.it/web/campioncini/20/card/5353.png?v=341
6663,Circati,Alessandro Circati,D,5,Parma,Australia;Italia,https://content.fantacalcio.it/web/campioncini/20/card/6663.png?v=341
6887,Leoni,Giovanni Leoni,D,7,Parma,Italia,https://content.fantacalcio.it/web/campioncini/20/card/6887.png?v=341
5307,Valenti,Lautaro Valenti,D,4,Parma,Argentina,https://content.fantacalcio.it/web/campioncini/20/card/5307.png?v=341
6664,Delprato,Enrico Delprato,D,8,Parma,Italia,https://content.fantacalcio.it/web/campioncini/20/card/6664.png?v=341
6821,Hainaut,Antoine Hainaut,D,2,Parma,Francia,https://content.fantacalcio.it/web/campioncini/20/card/6821.png?v=341
6965,Lovik,Mathias Fjortoft Lovik,D,3,Parma,Norvegia,https://content.fantacalcio.it/web/campioncini/20/card/6965.png?v=341
5862,Valeri,Emanuele Valeri,D,10,Parma,Italia,https://content.fantacalcio.it/web/campioncini/20/card/5862.png?v=341
5290,Estevez,Nahuel Estevez,C,2,Parma,Argentina,https://content.fantacalcio.it/web/campioncini/20/card/5290.png?v=341
6898,Keita M.,Mandela Keita,C,6,Parma,Belgio;Guinea,https://content.fantacalcio.it/web/campioncini/20/card/6898.png?v=341
7138,Ordonez C.,Christian Ordonez,C,5,Parma,Argentina,https://content.fantacalcio.it/web/campioncini/20/card/7138.png?v=341
6666,Bernabè,Adrian Bernabè,C,11,Parma,Spagna,https://content.fantacalcio.it/web/campioncini/20/card/6666.png?v=341
4423,Hernani,Hernani,C,7,Parma,Brasile,https://content.fantacalcio.it/web/campioncini/20/card/4423.png?v=341
5319,Sohm,Simon Sohm,C,12,Fiorentina,Svizzera;Nigeria,https://content.fantacalcio.it/web/campioncini/20/card/5319.png?v=341
5393,Man,Dennis Man,C,11,Parma,Romania,https://content.fantacalcio.it/web/campioncini/20/card/5393.png?v=341
6984,Ondrejka,Jacob Ondrejka,C,13,Parma,Svezia,https://content.fantacalcio.it/web/campioncini/20/card/6984.png?v=341
6207,Almqvist,Pontus Almqvist,A,4,Parma,Svezia,https://content.fantacalcio.it/web/campioncini/20/card/6207.png?v=341
6667,Benedyczak,Adrian Benedyczak,A,1,Parma,Polonia,https://content.fantacalcio.it/web/campioncini/20/card/6667.png?v=341
5471,Djuric,Milan Djuric,A,9,Parma,Bosnia Erzegovina;Italia,https://content.fantacalcio.it/web/campioncini/20/card/5471.png?v=341
7023,Pellegrino M.,Mateo Pellegrino,A,13,Parma,Argentina;Spagna,https://content.fantacalcio.it/web/campioncini/20/card/7023.png?v=341
2271,Nicolas,Nicolas David Andrade,P,1,Pisa,Brasile;Italia,https://content.fantacalcio.it/web/campioncini/20/card/2271.png?v=341
574,Scuffet,Simone Scuffet,P,3,Pisa,Italia,https://content.fantacalcio.it/web/campioncini/20/card/574.png?v=341
2861,Semper,Adrian Semper,P,4,Pisa,Croazia,https://content.fantacalcio.it/web/campioncini/20/card/2861.png?v=341
7139,Canestrelli,Simone Canestrelli,D,4,Pisa,Italia,https://content.fantacalcio.it/web/campioncini/20/card/7139.png?v=341
2273,Caracciolo A.,Antonio Caracciolo,D,5,Pisa,Italia,https://content.fantacalcio.it/web/campioncini/20/card/2273.png?v=341
7140,Coppola F.,Francesco Coppola,D,1,Pisa,Italia;Cuba,https://content.fantacalcio.it/web/campioncini/20/card/7140.png?v=341
6411,Mateus Lusuardi,Mateus Lusuardi,D,4,Pisa,Brasile,https://content.fantacalcio.it/web/campioncini/20/card/6411.png?v=341
7170,Mbambi,Jeremy Kandje Mbambi,D,1,Pisa,Belgio,https://content.fantacalcio.it/web/campioncini/20/card/7170.png?v=341
7141,Rus,Adrian Rus,D,2,Pisa,Romania;Ungheria,https://content.fantacalcio.it/web/campioncini/20/card/7141.png?v=341
2745,Calabresi,Arturo Calabresi,D,4,Pisa,Italia,https://content.fantacalcio.it/web/campioncini/20/card/2745.png?v=341
7142,Esteves T.,Tomas Esteves,D,1,Pisa,Portogallo,https://content.fantacalcio.it/web/campioncini/20/card/7142.png?v=341
7143,Angori,Samuele Angori,D,6,Pisa,Italia,https://content.fantacalcio.it/web/campioncini/20/card/7143.png?v=341
7145,Piccinini G.,Gabriele Piccinini,C,6,Pisa,Italia,https://content.fantacalcio.it/web/campioncini/20/card/7145.png?v=341
7146,Tourè I.,Idrissa Tourè,C,7,Pisa,Germania;Guinea,https://content.fantacalcio.it/web/campioncini/20/card/7146.png?v=341
7147,Hojholt,Malthe Hojholt,C,1,Pisa,Danimarca,https://content.fantacalcio.it/web/campioncini/20/card/7147.png?v=341
7149,Marin M.,Marius Marin,C,6,Pisa,Romania,https://content.fantacalcio.it/web/campioncini/20/card/7149.png?v=341
7150,Vural,Isak Vural,C,3,Pisa,Turchia;Svezia,https://content.fantacalcio.it/web/campioncini/20/card/7150.png?v=341
6593,Akinsanmiro,Ebenezer Akinsanmiro,C,4,Pisa,Nigeria,https://content.fantacalcio.it/web/campioncini/20/card/6593.png?v=341
2334,Leris,Mehdi Leris,C,2,Pisa,Francia;Algeria,https://content.fantacalcio.it/web/campioncini/20/card/2334.png?v=341
7151,Arena,Alessandro Arena,C,1,Pisa,Italia,https://content.fantacalcio.it/web/campioncini/20/card/7151.png?v=341
5318,Tramoni M.,Matteo Tramoni,C,12,Pisa,Francia,https://content.fantacalcio.it/web/campioncini/20/card/5318.png?v=341
7171,Buffon L.,Louis Buffon,A,1,Pisa,Italia;Repubblica Ceca,https://content.fantacalcio.it/web/campioncini/20/card/7171.png?v=341
5455,Moreo,Stefano Moreo,A,6,Pisa,Italia,https://content.fantacalcio.it/web/campioncini/20/card/5455.png?v=341
7152,Bonfanti N.,Nicholas Bonfanti,A,1,Pisa,Italia,https://content.fantacalcio.it/web/campioncini/20/card/7152.png?v=341
7153,Lind,Alexander Lind,A,4,Pisa,Danimarca,https://content.fantacalcio.it/web/campioncini/20/card/7153.png?v=341
6836,Meister,Henrik Meister,A,3,Pisa,Danimarca,https://content.fantacalcio.it/web/campioncini/20/card/6836.png?v=341
7169,Zelezny,Radoslav Zelezny,P,1,Roma,Polonia,https://content.fantacalcio.it/web/campioncini/20/card/7169.png?v=341
610,Gollini,Pierluigi Gollini,P,1,Roma,Italia,https://content.fantacalcio.it/web/campioncini/20/card/610.png?v=341
5841,Svilar,Mile Svilar,P,15,Roma,Serbia;Belgio,https://content.fantacalcio.it/web/campioncini/20/card/5841.png?v=341
4807,Hermoso,Mario Hermoso,D,4,Roma,Spagna,https://content.fantacalcio.it/web/campioncini/20/card/4807.png?v=341
4495,Kumbulla,Marash Kumbulla,D,2,Roma,Albania;Italia,https://content.fantacalcio.it/web/campioncini/20/card/4495.png?v=341
2296,Mancini,Gianluca Mancini,D,11,Roma,Italia,https://content.fantacalcio.it/web/campioncini/20/card/2296.png?v=341
4317,N'Dicka,Evan N'Dicka,D,10,Roma,Francia;Camerun,https://content.fantacalcio.it/web/campioncini/20/card/4317.png?v=341
4657,Celik,Zeki Celik,D,7,Roma,Turchia,https://content.fantacalcio.it/web/campioncini/20/card/4657.png?v=341
6986,Rensch,Devyne Rensch,D,5,Roma,Olanda;Suriname,https://content.fantacalcio.it/web/campioncini/20/card/6986.png?v=341
6885,Abdulhamid,Saud Abdulhamid,D,1,Roma,Arabia Saudita,https://content.fantacalcio.it/web/campioncini/20/card/6885.png?v=341
7020,Salah-Eddine,Anass Salah-Eddine,D,4,Roma,Olanda;Marocco,https://content.fantacalcio.it/web/campioncini/20/card/7020.png?v=341
4772,Angelino,Angelino,D,15,Roma,Spagna,https://content.fantacalcio.it/web/campioncini/20/card/4772.png?v=341
7181,Wesley,Wesley,D,15,Roma,Brasile,https://content.fantacalcio.it/web/campioncini/20/card/7181.png?v=341
779,Cristante,Bryan Cristante,C,9,Roma,Italia;Canada,https://content.fantacalcio.it/web/campioncini/20/card/779.png?v=341
6271,El Aynaoui,Neil El Aynaoui,C,9,Roma,Francia;Marocco,https://content.fantacalcio.it/web/campioncini/20/card/6271.png?v=341
5589,Konè M.,Manu Kouadio Konè,C,14,Roma,Francia;Costa d''Avorio,https://content.fantacalcio.it/web/campioncini/20/card/5589.png?v=341
6190,Pisilli,Niccolò Pisilli,C,7,Roma,Italia,https://content.fantacalcio.it/web/campioncini/20/card/6190.png?v=341
530,Pellegrini Lo.,Lorenzo Pellegrini,C,11,Roma,Italia,https://content.fantacalcio.it/web/campioncini/20/card/530.png?v=341
795,El Shaarawy,Stephan El Shaarawy,C,8,Roma,Italia;Egitto,https://content.fantacalcio.it/web/campioncini/20/card/795.png?v=341
5823,Baldanzi,Tommaso Baldanzi,C,8,Roma,Italia,https://content.fantacalcio.it/web/campioncini/20/card/5823.png?v=341
5734,Soulè,Matias Soulè,A,19,Roma,Argentina;Italia,https://content.fantacalcio.it/web/campioncini/20/card/5734.png?v=341
309,Dybala,Paulo Dybala,A,26,Roma,Argentina;Italia,https://content.fantacalcio.it/web/campioncini/20/card/309.png?v=341
6675,Dovbyk,Artem Dovbyk,A,20,Roma,Ucraina,https://content.fantacalcio.it/web/campioncini/20/card/6675.png?v=341
6365,Ferguson E.,Evan Ferguson,A,19,Roma,Irlanda,https://content.fantacalcio.it/web/campioncini/20/card/6365.png?v=341
4518,Russo A.,Alessandro Russo,P,1,Sassuolo,Italia,https://content.fantacalcio.it/web/campioncini/20/card/4518.png?v=341
2127,Satalino,Giacomo Satalino,P,1,Sassuolo,Italia,https://content.fantacalcio.it/web/campioncini/20/card/2127.png?v=341
4867,Turati,Stefano Turati,P,7,Sassuolo,Italia,https://content.fantacalcio.it/web/campioncini/20/card/4867.png?v=341
7155,Muharemovic,Tarik Muharemovic,D,5,Sassuolo,Bosnia Erzegovina; Slovenia,https://content.fantacalcio.it/web/campioncini/20/card/7155.png?v=341
7154,Odenthal,Cas Odenthal,D,3,Sassuolo,Olanda,https://content.fantacalcio.it/web/campioncini/20/card/7154.png?v=341
2279,Romagna,Filippo Romagna,D,4,Sassuolo,Italia,https://content.fantacalcio.it/web/campioncini/20/card/2279.png?v=341
4374,Walukiewicz,Sebastian Walukiewicz,D,5,Sassuolo,Polonia,https://content.fantacalcio.it/web/campioncini/20/card/4374.png?v=341
6189,Missori,Filippo Missori,D,2,Sassuolo,Italia,https://content.fantacalcio.it/web/campioncini/20/card/6189.png?v=341
6431,Paz Y.,Yeferson Paz,D,1,Sassuolo,Colombia,https://content.fantacalcio.it/web/campioncini/20/card/6431.png?v=341
5851,Doig,Josh Doig,D,6,Sassuolo,Scozia,https://content.fantacalcio.it/web/campioncini/20/card/5851.png?v=341
7156,Pieragnolo,Edoardo Pieragnolo,D,2,Sassuolo,Italia,https://content.fantacalcio.it/web/campioncini/20/card/7156.png?v=341
6219,Boloca,Daniel Boloca,C,6,Sassuolo,Romania;Italia,https://content.fantacalcio.it/web/campioncini/20/card/6219.png?v=341
4930,Ghion,Andrea Ghion,C,4,Sassuolo,Italia,https://content.fantacalcio.it/web/campioncini/20/card/4930.png?v=341
6717,Konè I.,Ismael Konè,C,5,Sassuolo,Canada;Costa d''Avorio,https://content.fantacalcio.it/web/campioncini/20/card/6717.png?v=341
6246,Lipani,Luca Lipani,C,4,Sassuolo,Italia,https://content.fantacalcio.it/web/campioncini/20/card/6246.png?v=341
7157,Iannoni,Edoardo Iannoni,C,1,Sassuolo,Italia,https://content.fantacalcio.it/web/campioncini/20/card/7157.png?v=341
5844,Thorstvedt,Kristian Thorstvedt,C,8,Sassuolo,Norvegia,https://content.fantacalcio.it/web/campioncini/20/card/5844.png?v=341
6815,Fadera,Alieu Fadera,C,6,Sassuolo,Gambia,https://content.fantacalcio.it/web/campioncini/20/card/6815.png?v=341
5735,Volpato,Cristian Volpato,C,5,Sassuolo,Italia;Australia,https://content.fantacalcio.it/web/campioncini/20/card/5735.png?v=341
1842,Pierini,Nicholas Pierini,A,5,Sassuolo,Italia,https://content.fantacalcio.it/web/campioncini/20/card/1842.png?v=341
531,Berardi,Domenico Berardi,A,20,Sassuolo,Italia,https://content.fantacalcio.it/web/campioncini/20/card/531.png?v=341
6060,Laurientè,Armand Laurientè,A,15,Sassuolo,Francia;Guadalupa,https://content.fantacalcio.it/web/campioncini/20/card/6060.png?v=341
5845,Alvarez A.,Agustin Alvarez,A,2,Sassuolo,Uruguay,https://content.fantacalcio.it/web/campioncini/20/card/5845.png?v=341
7158,Moro L.,Luca Moro,A,1,Sassuolo,Italia,https://content.fantacalcio.it/web/campioncini/20/card/7158.png?v=341
6205,Mulattieri,Samuele Mulattieri,A,5,Sassuolo,Italia,https://content.fantacalcio.it/web/campioncini/20/card/6205.png?v=341
2038,Pinamonti,Andrea Pinamonti,A,15,Sassuolo,Italia,https://content.fantacalcio.it/web/campioncini/20/card/2038.png?v=341
7159,Skjellerup,Laurs Skjellerup,A,1,Sassuolo,Danimarca,https://content.fantacalcio.it/web/campioncini/20/card/7159.png?v=341
216,Donnarumma An.,Antonio Donnarumma,P,1,Torino,Italia,https://content.fantacalcio.it/web/campioncini/20/card/216.png?v=341
7179,Israel,Franco Israel,P,8,Torino,Uruguay;Italia,https://content.fantacalcio.it/web/campioncini/20/card/7179.png?v=341
5320,Paleari,Alberto Paleari,P,1,Torino,Italia,https://content.fantacalcio.it/web/campioncini/20/card/5320.png?v=341
6210,Popa,Mihai Popa,P,1,Torino,Romania,https://content.fantacalcio.it/web/campioncini/20/card/6210.png?v=341
6642,Coco,Saul Coco,D,8,Torino,Guinea Equatoriale;Spagna,https://content.fantacalcio.it/web/campioncini/20/card/6642.png?v=341
5010,Ismajli,Ardian Ismajli,D,8,Torino,Albania;Kosovo,https://content.fantacalcio.it/web/campioncini/20/card/5010.png?v=341
4665,Maripan,Guillermo Maripan,D,7,Torino,Cile,https://content.fantacalcio.it/web/campioncini/20/card/4665.png?v=341
6041,Schuurs,Perr Schuurs,D,3,Torino,Olanda,https://content.fantacalcio.it/web/campioncini/20/card/6041.png?v=341
49,Masina,Adam Masina,D,3,Torino,Italia;Marocco,https://content.fantacalcio.it/web/campioncini/20/card/49.png?v=341
6826,Dembelè A.,Ali Dembelè,D,1,Torino,Francia;Mali,https://content.fantacalcio.it/web/campioncini/20/card/6826.png?v=341
4385,Lazaro,Valentino Lazaro,D,7,Torino,Austria,https://content.fantacalcio.it/web/campioncini/20/card/4385.png?v=341
6426,Pedersen,Marcus Pedersen,D,4,Torino,Norvegia,https://content.fantacalcio.it/web/campioncini/20/card/6426.png?v=341
252,Biraghi,Cristiano Biraghi,D,8,Torino,Italia,https://content.fantacalcio.it/web/campioncini/20/card/252.png?v=341
4890,Tameze,Adrien Tameze,C,5,Torino,Francia;Camerun,https://content.fantacalcio.it/web/campioncini/20/card/4890.png?v=341
6170,Gineitis,Gvidas Gineitis,C,4,Torino,Lituania,https://content.fantacalcio.it/web/campioncini/20/card/6170.png?v=341
5007,Ilic,Ivan Ilic,C,7,Torino,Serbia,https://content.fantacalcio.it/web/campioncini/20/card/5007.png?v=341
5888,Casadei,Cesare Casadei,C,12,Torino,Italia,https://content.fantacalcio.it/web/campioncini/20/card/5888.png?v=341
6889,Anjorin,Faustino Anjorin,C,10,Torino,Inghilterra;Nigeria,https://content.fantacalcio.it/web/campioncini/20/card/6889.png?v=341
5687,Vlasic,Nikola Vlasic,C,15,Torino,Croazia,https://content.fantacalcio.it/web/campioncini/20/card/5687.png?v=341
6145,Ngonge,Cyril Ngonge,A,9,Torino,Belgio;Repubblica Democratica del Congo,https://content.fantacalcio.it/web/campioncini/20/card/6145.png?v=341
6646,Adams C.,Che Adams,A,14,Torino,Scozia;Inghilterra,https://content.fantacalcio.it/web/campioncini/20/card/6646.png?v=341
6827,Njie,Alieu Njie,A,1,Torino,Svezia:Gambia,https://content.fantacalcio.it/web/campioncini/20/card/6827.png?v=341
479,Sanabria,Antonio Sanabria,A,7,Cremonese,Paraguay;Spagna,https://content.fantacalcio.it/web/campioncini/20/card/479.png?v=341
608,Zapata D.,Duvan Zapata,A,20,Torino,Colombia,https://content.fantacalcio.it/web/campioncini/20/card/608.png?v=341
6462,Okoye,Maduka Okoye,P,6,Udinese,Nigeria;Germania,https://content.fantacalcio.it/web/campioncini/20/card/6462.png?v=341
543,Padelli,Daniele Padelli,P,1,Udinese,Italia,https://content.fantacalcio.it/web/campioncini/20/card/543.png?v=341
6842,Sava,Razvan Sava,P,4,Udinese,Romania,https://content.fantacalcio.it/web/campioncini/20/card/6842.png?v=341
5820,Bertola,Nicolò Bertola,D,6,Udinese,Italia,https://content.fantacalcio.it/web/campioncini/20/card/5820.png?v=341
6533,Giannetti L.,Lautaro Giannetti,D,3,Udinese,Argentina;Italia,https://content.fantacalcio.it/web/campioncini/20/card/6533.png?v=341
4263,Kabasele,Christian Kabasele,D,3,Udinese,Belgio;Repubblica Democratica del Congo,https://content.fantacalcio.it/web/campioncini/20/card/4263.png?v=341
6925,Palma,Matteo Palma,D,1,Udinese,Germania;Italia,https://content.fantacalcio.it/web/campioncini/20/card/6925.png?v=341
6956,Solet,Oumar Solet,D,11,Udinese,Francia;Repubblica Centrafricana,https://content.fantacalcio.it/web/campioncini/20/card/6956.png?v=341
6485,Kristensen T.,Thomas Kristensen,D,7,Udinese,Danimarca,https://content.fantacalcio.it/web/campioncini/20/card/6485.png?v=341
6047,Ehizibue,Kingsley Ehizibue,D,5,Udinese,Nigeria;Olanda,https://content.fantacalcio.it/web/campioncini/20/card/6047.png?v=341
5555,Kamara H.,Hassane Kamara,D,7,Udinese,Francia;Gambia,https://content.fantacalcio.it/web/campioncini/20/card/5555.png?v=341
6211,Zemura,Jordan Zemura,D,3,Udinese,Zimbabwe;Inghilterra,https://content.fantacalcio.it/web/campioncini/20/card/6211.png?v=341
6900,Rui Modesto,Rui Modesto,D,3,Udinese,Angola;Portogallo,https://content.fantacalcio.it/web/campioncini/20/card/6900.png?v=341
6680,Karlstrom,Jesper Karlstrom,C,6,Udinese,Svezia,https://content.fantacalcio.it/web/campioncini/20/card/6680.png?v=341
6212,Zarraga,Oier Zarraga,C,3,Udinese,Spagna,https://content.fantacalcio.it/web/campioncini/20/card/6212.png?v=341
6908,Atta,Arthur Atta,C,7,Udinese,Francia;Benin,https://content.fantacalcio.it/web/campioncini/20/card/6908.png?v=341
5850,Lovric,Sandi Lovric,C,10,Udinese,Slovenia;Austria,https://content.fantacalcio.it/web/campioncini/20/card/5850.png?v=341
6481,Payero,Martin Payero,C,4,Cremonese,Argentina;Italia,https://content.fantacalcio.it/web/campioncini/20/card/6481.png?v=341
6684,Ekkelenkamp,Jurgen Ekkelenkamp,C,10,Udinese,Olanda,https://content.fantacalcio.it/web/campioncini/20/card/6684.png?v=341
5824,Pafundi,Simone Pafundi,C,1,Udinese,Italia,https://content.fantacalcio.it/web/campioncini/20/card/5824.png?v=341
6653,Bravo,Iker Bravo,A,6,Udinese,Spagna,https://content.fantacalcio.it/web/campioncini/20/card/6653.png?v=341
6213,Brenner,Brenner,A,3,Udinese,Brasile,https://content.fantacalcio.it/web/campioncini/20/card/6213.png?v=341
2475,Sanchez,Alexis Sanchez,A,7,Udinese,Cile,https://content.fantacalcio.it/web/campioncini/20/card/2475.png?v=341
2369,Thauvin,Florian Thauvin,A,16,Udinese,Francia,https://content.fantacalcio.it/web/campioncini/20/card/2369.png?v=341
7161,Bayo V.,Vakoun Bayo,A,4,Udinese,Costa d''Avorio,https://content.fantacalcio.it/web/campioncini/20/card/7161.png?v=341
5637,Davis K.,Keinan Davis,A,11,Udinese,Inghilterra,https://content.fantacalcio.it/web/campioncini/20/card/5637.png?v=341
6635,Pizarro,Damian Pizarro,A,1,Udinese,Cile,https://content.fantacalcio.it/web/campioncini/20/card/6635.png?v=341
4957,Montipò,Lorenzo Montipò,P,5,Verona,Italia,https://content.fantacalcio.it/web/campioncini/20/card/4957.png?v=341
511,Perilli,Simone Perilli,P,1,Verona,Italia,https://content.fantacalcio.it/web/campioncini/20/card/511.png?v=341
6631,Ghilardi,Daniele Ghilardi,D,4,Roma,Italia,https://content.fantacalcio.it/web/campioncini/20/card/6631.png?v=341
7011,Slotsager,Tobias Slotsager,D,2,Verona,Danimarca,https://content.fantacalcio.it/web/campioncini/20/card/7011.png?v=341
6894,Unai Nunez,Unai Nunez,D,5,Verona,Spagna,https://content.fantacalcio.it/web/campioncini/20/card/6894.png?v=341
6957,Valentini N.,Nicolas Valentini,D,4,Verona,Argentina;Italia,https://content.fantacalcio.it/web/campioncini/20/card/6957.png?v=341
5994,Ebosse,Enzo Ebosse,D,4,Verona,Camerun;Francia,https://content.fantacalcio.it/web/campioncini/20/card/5994.png?v=341
6992,Oyegoke,Daniel Oyegoke,D,2,Verona,Inghilterra;Nigeria,https://content.fantacalcio.it/web/campioncini/20/card/6992.png?v=341
6480,Tchatchoua,Jackson Tchatchoua,D,8,Verona,Belgio;Camerun,https://content.fantacalcio.it/web/campioncini/20/card/6480.png?v=341
6639,Frese,Martin Frese,D,3,Verona,Danimarca,https://content.fantacalcio.it/web/campioncini/20/card/6639.png?v=341
5540,Niasse,Cheikh Niasse,C,3,Verona,Francia;Senegal,https://content.fantacalcio.it/web/campioncini/20/card/5540.png?v=341
7028,Bernede,Antoine Bernede,C,4,Verona,Francia;Camerun,https://content.fantacalcio.it/web/campioncini/20/card/7028.png?v=341
7177,Santiago,Yellu Santiago,C,2,Verona,Spagna,https://content.fantacalcio.it/web/campioncini/20/card/7177.png?v=341
6458,Serdar,Suat Serdar,C,7,Verona,Germania;Turchia,https://content.fantacalcio.it/web/campioncini/20/card/6458.png?v=341
2117,Kastanos,Grigoris Kastanos,C,4,Verona,Cipro,https://content.fantacalcio.it/web/campioncini/20/card/2117.png?v=341
6618,Cissè A.,Alphadjo Cissè,C,1,Verona,Italia;Guinea,https://content.fantacalcio.it/web/campioncini/20/card/6618.png?v=341
5688,Harroui,Abdou Harroui,C,7,Verona,Olanda;Marocco,https://content.fantacalcio.it/web/campioncini/20/card/5688.png?v=341
6486,Suslov,Tomas Suslov,C,9,Verona,Slovacchia,https://content.fantacalcio.it/web/campioncini/20/card/6486.png?v=341
7162,Giovane,Giovane,A,3,Verona,Brasile,https://content.fantacalcio.it/web/campioncini/20/card/7162.png?v=341
6159,Sarr A.,Amin Sarr,A,8,Verona,Svezia;Senegal,https://content.fantacalcio.it/web/campioncini/20/card/6159.png?v=341
6630,Mosquera,Daniel Mosquera,A,6,Verona,Colombia,https://content.fantacalcio.it/web/campioncini/20/card/6630.png?v=341
6644,Rocha Livramento,Dailon Rocha Livramento,A,3,Verona,Capo Verde;Olanda,https://content.fantacalcio.it/web/campioncini/20/card/6644.png?v=341
6125,Vasquez D.,Devis Vasquez,P,1,Roma,Colombia,https://content.fantacalcio.it/web/campioncini/20/card/6125.png?v=341
5750,Ostigard,Ostigard Leo,D,5,Genoa,Norvegia,https://content.fantacalcio.it/web/campioncini/20/card/5750.png?v=341
7183,Aboukhlal,Zakaria Aboukhlal,A,9,Torino,Marocco;Olanda,https://content.fantacalcio.it/web/campioncini/20/card/7183.png?v=341
7185,Nunziante,Alessandro Nunziante,P,1,Udinese,Italia,https://content.fantacalcio.it/web/campioncini/20/card/7185.png?v=341
1976,Mazzitelli,Luca Mazzitelli,C,5,Cagliari,Italia,https://content.fantacalcio.it/web/campioncini/20/card/1976.png?v=341
6869,Ramon,Jacobo Ramon,D,5,Como,Spagna,https://content.fantacalcio.it/web/campioncini/20/card/6869.png?v=341
158,Lezzerini,Luca Lezzerini,P,1,Fiorentina,Italia,https://content.fantacalcio.it/web/campioncini/20/card/158.png?v=341
7196,Denoon,Daniel Denoon,D,2,Pisa,Svizzera,https://content.fantacalcio.it/web/campioncini/20/card/7196.png?v=341
7198,Piotrowski,Jakub Piotrowski,C,6,Udinese,Polonia,https://content.fantacalcio.it/web/campioncini/20/card/7198.png?v=341
7199,Kilicsoy,Semih Kilicsoy,A,6,Cagliari,Turchia,https://content.fantacalcio.it/web/campioncini/20/card/7199.png?v=341
5532,Bradaric,Bradaric Domagoj,D,4,Verona,Croazia,https://content.fantacalcio.it/web/campioncini/20/card/5532.png?v=341
7202,Ndiaye,Abdoulaye Ndiaye,D,4,Parma,Senegal,https://content.fantacalcio.it/web/campioncini/20/card/7202.png?v=341
6537,Goglichidze,Saba Goglichidze,D,4,Udinese,Georgia,https://content.fantacalcio.it/web/campioncini/20/card/6537.png?v=341
7203,Jashari,Ardon Jashari,C,13,Milan,Svizzera;Macedonia del Nord,https://content.fantacalcio.it/web/campioncini/20/card/7203.png?v=341
697,Cuadrado,Juan Cuadrado,D,7,Pisa,Colombia,https://content.fantacalcio.it/web/campioncini/20/card/697.png?v=341
5336,Nzola,M'Bala Nzola,A,12,Pisa,Francia;Angola,https://content.fantacalcio.it/web/campioncini/20/card/5336.png?v=341
6672,Idzes,Jay Idzes,D,7,Sassuolo,Indonesia;Olanda,https://content.fantacalcio.it/web/campioncini/20/card/6672.png?v=341
2839,Sottil,Riccardo Sottil,C,11,Lecce,Italia,https://content.fantacalcio.it/web/campioncini/20/card/2839.png?v=341
6985,Candè,Fqli Candè,D,6,Sassuolo,Guinea Bissau;Portogallo,https://content.fantacalcio.it/web/campioncini/20/card/6985.png?v=341
313,Morata,Alvaro Morata,A,18,Como,Spagna,https://content.fantacalcio.it/web/campioncini/20/card/313.png?v=341
7208,Miller L.,Lennon Miller,C,3,Udinese,Scozia,https://content.fantacalcio.it/web/campioncini/20/card/7208.png?v=341
4236,Muric,Arijanet Muric,P,3,Sassuolo,Kosovo;Montenegro,https://content.fantacalcio.it/web/campioncini/20/card/4236.png?v=341
7209,Sorensen O.,Oliver Sorensen,C,6,Parma,Danimarca,https://content.fantacalcio.it/web/campioncini/20/card/7209.png?v=341
2211,Silvestri,Marco Silvestri,P,1,Cremonese,Italia,https://content.fantacalcio.it/web/campioncini/20/card/2211.png?v=341
5324,Godfrey,Ben Godfrey,D,1,Atalanta,Inghilterra,https://content.fantacalcio.it/web/campioncini/20/card/5324.png?v=341
2076,Rog,Marko Rog,C,1,Cagliari,Croazia,https://content.fantacalcio.it/web/campioncini/20/card/2076.png?v=341
7211,Athekame,Zachary Athekame,D,6,Milan,Svizzera,https://content.fantacalcio.it/web/campioncini/20/card/7211.png?v=341
7212,Heggem,Torbjorn Heggem,D,4,Bologna,Norvegia,https://content.fantacalcio.it/web/campioncini/20/card/7212.png?v=341
7213,Frigan,Matija Frigan,A,7,Parma,Croazia,https://content.fantacalcio.it/web/campioncini/20/card/7213.png?v=341
6677,Adzic,Vasilije Adzic,C,1,Juventus,Montenegro,https://content.fantacalcio.it/web/campioncini/20/card/6677.png?v=341
6005,Ilkhan,Emirhan Ilkhan,C,1,Torino,Turchia,https://content.fantacalcio.it/web/campioncini/20/card/6005.png?v=341
7220,Belghali,Rafik Belghali,D,4,Verona,Algeria;Belgio,https://content.fantacalcio.it/web/campioncini/20/card/7220.png?v=341
7222,Cham,Fallou Cham,D,1,Verona,Gambia,https://content.fantacalcio.it/web/campioncini/20/card/7222.png?v=341
5427,Gutierrez,Miguel Gutierrez,D,8,Napoli,Spagna,https://content.fantacalcio.it/web/campioncini/20/card/5427.png?v=341
2670,Bailey,Leon Bailey,C,16,Roma,Giamaica,https://content.fantacalcio.it/web/campioncini/20/card/2670.png?v=341
7018,Nelsson,Victor Nelsson,D,5,Verona,Danimarca,https://content.fantacalcio.it/web/campioncini/20/card/7018.png?v=341
7235,Troilo,Mariano Troilo,D,6,Parma,Argentina,https://content.fantacalcio.it/web/campioncini/20/card/7235.png?v=341
7236,Toniolo,Giacomo Toniolo,P,1,Verona,Italia,https://content.fantacalcio.it/web/campioncini/20/card/7236.png?v=341
7240,Siebert,Jamil Siebert,D,5,Lecce,Germania,https://content.fantacalcio.it/web/campioncini/20/card/7240.png?v=341
6274,Diouf,Andy Diouf,C,7,Inter,Francia;Senegal,https://content.fantacalcio.it/web/campioncini/20/card/6274.png?v=341
5610,Vranckx,Aster Vranckx,C,4,Sassuolo,Belgio;Repubblica Democratica Del Congo,https://content.fantacalcio.it/web/campioncini/20/card/5610.png?v=341
7246,Sala A.,Alex Sala,C,3,Lecce,Spagna,https://content.fantacalcio.it/web/campioncini/20/card/7246.png?v=341
6844,Rowe,Jonathan Rowe,C,14,Bologna,Inghilterra,https://content.fantacalcio.it/web/campioncini/20/card/6844.png?v=341
2528,Matic,Matic Nemanja,C,4,Sassuolo,Serbia;Slovacchia,https://content.fantacalcio.it/web/campioncini/20/card/2528.png?v=341
7249,Buksa,Adam Buksa,A,9,Udinese,Polonia,https://content.fantacalcio.it/web/campioncini/20/card/7249.png?v=341
7253,Bella-Kotchap,Armel Bella-Kotchap,D,6,Verona,Germania;Camerun,https://content.fantacalcio.it/web/campioncini/20/card/7253.png?v=341
7252,Stulic,Nikola Stulic,A,13,Lecce,Serbia;Croazia,https://content.fantacalcio.it/web/campioncini/20/card/7252.png?v=341
7255,Britschgi,Sascha Britschgi,D,1,Parma,Svizzera,https://content.fantacalcio.it/web/campioncini/20/card/7255.png?v=341
6552,Orban G.,Gift Orban,A,15,Verona,Nigeria,https://content.fantacalcio.it/web/campioncini/20/card/6552.png?v=341
6218,Oristanio,Gaetano Oristanio,C,12,Parma,Italia,https://content.fantacalcio.it/web/campioncini/20/card/6218.png?v=341
5561,Stengs,Calvin Stengs,C,11,Pisa,Olanda;Suriname,https://content.fantacalcio.it/web/campioncini/20/card/5561.png?v=341
